entidad,comunidad,avg_intra,avg_global,ratio_intra/global,overlap@k
abip1241,10,0.15958771,0.14010519,1.1390564,0.1
abis1238,16,0.13391082,0.123989865,1.0800142,0.5
acha1250,19,0.13223052,0.123072565,1.074411,0.4
ache1246,23,0.16519761,0.12697247,1.3010507,0.2
achu1248,3,0.16155612,0.12536289,1.2887077,0.2
achu1249,2,0.03231684,0.028834164,1.120783,0.2
shiw1235,3,0.06735553,0.030254979,2.2262626,0.2
acro1239,6,0.1422909,0.1172415,1.2136564,0.2
agua1253,21,0.17605151,0.120587185,1.4599521,0.0
aika1237,20,0.13030829,0.121496156,1.0725302,0.3
masa1312,23,0.030962091,0.028062105,1.1033417,0.2
ajyi1238,18,0.06529231,0.064188965,1.017189,0.9
akaw1239,0,0.1195917,0.07021262,1.7032793,0.1
akaw1241,0,0.030872012,0.025511568,1.2101182,0.3
inga1250,0,0.040430654,0.03394421,1.1910914,0.2
akun1241,20,0.15961242,0.14131148,1.1295078,0.2
akur1238,24,0.1756749,0.13296,1.3212612,0.1
alac1239,0,0.056489266,0.055247568,1.0224751,0.7
alac1240,0,0.05465687,0.04857604,1.1251817,0.2
alle1238,3,0.1830019,0.15009706,1.2192239,0.2
amah1246,11,0.12312249,0.11490868,1.0714812,0.5
inuv1238,14,0.03228715,0.0260459,1.2396251,0.1
viwi1238,25,0.037777424,0.027998436,1.349269,0.1
aman1266,12,0.1033221,0.102360114,1.0093981,0.9
amar1274,2,0.14013429,0.12071793,1.1608407,0.3
arak1258,0,0.030624438,0.027947485,1.0957851,0.6
kisa1267,2,0.03248455,0.030572355,1.0625465,0.5
ambo1252,1,0.03952952,0.03952955,0.9999992,1.0
amun1246,24,0.039972592,0.039972562,1.0000007,1.0
anam1249,12,0.115480796,0.11373013,1.0153931,0.8
anau1243,20,0.1152821,0.11147308,1.0341699,0.6
anda1286,16,0.12511572,0.12270961,1.0196081,0.7
ando1254,16,0.11032112,0.109099686,1.0111955,0.8
ando1255,16,0.13338014,0.12271559,1.0869046,0.4
ando1256,16,0.1443161,0.134703,1.0713652,0.3
ando1257,22,0.030875439,0.029741341,1.0381321,0.6
urek1234,22,0.028315622,0.02492485,1.1360399,0.3
anga1316,23,0.17031857,0.13072655,1.3028615,0.2
ango1257,5,0.07679079,0.051603578,1.4880904,0.5
anse1238,2,0.040227473,0.036336172,1.1070917,0.2
anti1242,16,0.14107993,0.13581975,1.0387292,0.5
apal1257,12,0.116198465,0.114672676,1.0133057,0.8
apia1247,12,0.11998234,0.10997529,1.0909936,0.4
apia1248,12,0.100563094,0.100563124,0.9999997,1.0
apin1244,25,0.14095506,0.12476693,1.1297469,0.3
apol1242,12,0.14047259,0.12747112,1.1019955,0.2
apur1254,9,0.12945291,0.11645435,1.1116195,0.4
arab1268,2,0.14728375,0.1277297,1.1530893,0.4
arai1239,20,0.11826424,0.106121756,1.1144203,0.5
arao1248,8,0.13493332,0.12366341,1.0911337,0.3
arap1275,24,0.038778227,0.038778204,1.0000006,1.0
araw1273,12,0.09907903,0.09907903,1.0,1.0
araw1276,19,0.13068579,0.12305369,1.0620226,0.5
guya1254,19,0.048491,0.044166673,1.0979093,0.4
suri1276,19,0.05235496,0.048659127,1.0759536,0.4
vene1263,19,0.049826723,0.046685703,1.0672802,0.5
araz1236,16,0.15683854,0.15263504,1.0275395,0.7
areq1237,1,0.036092103,0.036092073,1.0000008,1.0
anta1257,1,0.054093044,0.052632354,1.0277528,0.6
cota1243,11,0.028101945,0.026003469,1.0806999,0.6
high1279,1,0.041950375,0.041323595,1.0151676,0.8
nort2977,1,0.06116104,0.040665813,1.5039916,0.1
arge1236,17,0.121911906,0.12035618,1.012926,0.9
arhu1242,19,0.15151572,0.13330592,1.1366016,0.1
arik1264,12,0.1041825,0.1019194,1.0222048,0.7
arik1265,19,0.13936293,0.11827181,1.1783276,0.2
aroa1234,16,0.1138023,0.094666176,1.2021432,0.4
arua1261,12,0.09362456,0.091844015,1.0193866,0.7
arua1262,2,0.029804468,0.026297724,1.1333479,0.3
arua1263,12,0.10210264,0.09850879,1.0364825,0.7
arua1264,16,0.1151468,0.10059526,1.1446544,0.4
arub1238,20,0.14061414,0.12724774,1.1050423,0.3
arut1244,16,0.1157652,0.10233927,1.1311904,0.3
awak1251,24,0.062047534,0.045682322,1.3582395,0.2
urua1245,0,0.03219547,0.027831811,1.1567868,0.2
asha1243,18,0.114721775,0.111168385,1.0319641,0.8
ashe1272,18,0.0665027,0.06479337,1.0263813,0.8
ashe1273,18,0.065616116,0.06433921,1.0198464,0.8
atac1235,11,0.15974352,0.13475826,1.185408,0.1
ator1244,16,0.14697333,0.13266332,1.107867,0.3
atsa1242,16,0.14267422,0.13362968,1.0676837,0.3
aura1243,12,0.11331947,0.11013701,1.0288955,0.6
aush1242,16,0.12734778,0.12038672,1.0578225,0.4
avac1239,12,0.12214351,0.12087649,1.010482,0.8
awac1239,12,0.15377297,0.14787869,1.0398588,0.5
awet1244,12,0.12606017,0.12162584,1.0364588,0.5
ayac1239,11,0.16344786,0.11271949,1.4500408,0.0
anda1285,1,0.047930606,0.030660843,1.5632514,0.3
huan1249,11,0.039364338,0.034042634,1.1563246,0.3
ayor1240,10,0.1549675,0.13347293,1.1610407,0.1
tsir1238,2,0.027891004,0.026051473,1.0706115,0.5
baka1277,12,0.11930122,0.11613333,1.0272781,0.6
bani1255,19,0.12225459,0.113291025,1.0791198,0.3
hoho1238,19,0.054082233,0.036805738,1.4693968,0.2
bani1261,19,0.051579632,0.045039356,1.1452124,0.2
bani1262,19,0.053031545,0.052124053,1.0174103,0.7
bani1264,19,0.053810496,0.053494014,1.0059162,0.9
bani1263,19,0.04723475,0.0459011,1.0290549,0.7
sius1255,19,0.0518296,0.044671364,1.1602421,0.2
bara1380,2,0.16570856,0.1349781,1.22767,0.0
come1252,22,0.03072381,0.02908926,1.0561908,0.5
jane1236,2,0.03165232,0.029219609,1.0832561,0.3
taiw1247,0,0.042825945,0.0378382,1.1318178,0.4
bare1276,19,0.13088955,0.117417835,1.1147331,0.3
bari1297,8,0.14824213,0.13917802,1.065126,0.4
barr1251,5,0.07662019,0.052941002,1.447275,0.6
baur1253,15,0.18146332,0.13608459,1.3334597,0.0
carm1234,11,0.052505445,0.046681024,1.1247706,0.1
hist1234,15,0.06209123,0.057798464,1.0742713,0.3
joaq1235,15,0.050556637,0.039630156,1.2757113,0.2
baur1256,15,0.055140518,0.048487734,1.1372055,0.4
muxo1234,22,0.032039624,0.031747412,1.0092043,0.8
paic1240,24,0.0408952,0.029764676,1.3739508,0.0
berb1259,15,0.1614151,0.14564104,1.1083077,0.5
beto1236,22,0.15307184,0.11866653,1.2899327,0.0
beto1237,22,0.028578991,0.026559925,1.0760193,0.5
jira1248,2,0.022846734,0.021107709,1.0823882,0.6
lola1252,15,0.04162822,0.029855847,1.394307,0.2
mafi1234,22,0.034419872,0.032549005,1.0574784,0.3
quil1257,2,0.03952407,0.036207397,1.0916021,0.2
nucl1771,4,0.04425799,0.04031645,1.0977651,0.7
ayri1234,22,0.04532332,0.032857418,1.3793938,0.1
situ1241,2,0.03524574,0.03185044,1.1066014,0.1
situ1240,22,0.055239506,0.043623537,1.2662776,0.1
boli1236,15,0.10351459,0.08609124,1.2023823,0.5
bona1255,20,0.12138357,0.11588319,1.0474648,0.7
bora1263,23,0.14758435,0.11910126,1.2391502,0.2
mira1254,23,0.034698963,0.033407222,1.0386665,0.4
nucl1660,4,0.045103855,0.041665845,1.0825139,0.7
bord1248,1,0.07633623,0.06806357,1.121543,0.3
boro1282,22,0.14181781,0.123819076,1.1453632,0.4
braz1236,17,0.13196966,0.13196966,1.0,1.0
cabi1241,12,0.13408124,0.12644896,1.0603586,0.2
cacu1241,8,0.13029042,0.12315148,1.0579687,0.4
macu1261,0,0.0415725,0.038188726,1.0886066,0.3
vaup1239,8,0.08883478,0.034978144,2.5397224,0.0
cafu1238,9,0.16072515,0.14970821,1.0735893,0.4
cahu1268,2,0.14328241,0.1219496,1.1749314,0.4
caja1238,26,0.124984905,0.100188896,1.2474926,0.5
east2550,26,0.051921528,0.038764607,1.3394055,0.2
west2637,26,0.05561803,0.0402449,1.3819895,0.1
caja1239,1,0.041503757,0.04150371,1.0000012,1.0
cald1236,1,0.041008122,0.041008115,1.0000002,1.0
coto1253,1,0.03216504,0.030774498,1.0451849,0.7
pich1239,1,0.032747936,0.0307743,1.0641326,0.6
cams1241,8,0.14819545,0.14031763,1.0561427,0.3
cana1260,14,0.041118093,0.037249334,1.1038611,0.5
cana1262,1,0.046715863,0.046715844,1.0000004,1.0
azua1234,1,0.029511232,0.029511243,0.99999964,1.0
cana1270,1,0.029815007,0.029814977,1.000001,1.0
sout3334,1,0.033845056,0.03384503,1.0000007,1.0
cand1248,11,0.1544201,0.13466063,1.1467352,0.2
chir1297,25,0.03291561,0.026173567,1.2575898,0.2
huit1253,10,0.062553056,0.050039142,1.2500825,0.2
chap1270,11,0.037410855,0.030893128,1.2109766,0.2
kand1305,11,0.037786506,0.034408666,1.0981683,0.3
mura1278,26,0.04124986,0.03652641,1.129316,0.3
cane1242,22,0.16441031,0.12513128,1.3139026,0.0
apan1243,22,0.024295175,0.022087347,1.099959,0.4
krah1246][xra,22,0.028342675,0.025717188,1.1020908,0.4
ramk1239,22,0.030286927,0.029280633,1.0343672,0.7
cane1243,22,0.043834597,0.03502528,1.2515131,0.2
krin1238,22,0.03295188,0.031583793,1.0433161,0.5
krik1239][xri,24,0.04262829,0.034035277,1.2524737,0.3
cent2420,21,0.03929483,0.03415663,1.1504306,0.5
cani1243,8,0.13228606,0.12633169,1.0471328,0.6
capa1241,11,0.13496403,0.120425224,1.120729,0.4
pahe1238,11,0.036572047,0.031798042,1.1501352,0.1
capo1236,2,0.040848296,0.03610773,1.1312895,0.2
caqu1242,18,0.1362756,0.12946281,1.0526236,0.6
cara1271,16,0.13490358,0.12907587,1.0451494,0.5
cara1272,8,0.10481219,0.10222113,1.0253476,0.8
cara1273,14,0.035377186,0.029216249,1.2108736,0.2
cari1275,15,0.1906583,0.17155436,1.1113579,0.4
sarn1238,19,0.052215785,0.049189884,1.0615147,0.5
trin1268,15,0.055191934,0.04817038,1.145765,0.2
cari1276,24,0.08051165,0.07852189,1.0253402,0.6
cari1279,2,0.16794506,0.12782067,1.3139116,0.1
cari1280,20,0.109889925,0.10567398,1.0398958,0.6
cash1251,19,0.15553677,0.12075396,1.288047,0.1
caca1249,19,0.05013173,0.04641212,1.0801431,0.5
caca1248,19,0.04921498,0.04614235,1.0665902,0.4
cash1252,3,0.07793302,0.0362973,2.147075,0.4
cash1253,11,0.10739211,0.096602276,1.1116934,0.5
cash1254,11,0.12064568,0.113786414,1.060282,0.6
braz1248,11,0.04697602,0.04525598,1.0380069,0.4
kapa1256,0,0.08248906,0.07015611,1.1757929,0.2
para1325,25,0.03626014,0.027767736,1.305837,0.2
peru1238,11,0.04476626,0.042784434,1.0463212,0.5
cauq1239,8,0.10209346,0.04960076,2.0583043,0.1
cavi1250,8,0.13605884,0.12574036,1.0820618,0.5
cayu1262,8,0.1286396,0.12140699,1.0595732,0.5
cena1234,7,0.06953008,0.06498669,1.0699126,0.8
cent2142,15,0.08456046,0.066281155,1.2757844,0.4
cent2150,5,0.072963886,0.048101794,1.5168642,0.6
chac1249,16,0.15430877,0.13981323,1.1036779,0.2
chac1250,26,0.12629843,0.103544906,1.2197454,0.6
gren1245,26,0.05017543,0.045344282,1.1065437,0.4
laja1238,2,0.03804437,0.03573537,1.0646139,0.4
lamu1256,23,0.032619935,0.030830532,1.0580399,0.5
llak1238,8,0.09810838,0.041519802,2.3629298,0.1
chac1251,8,0.12877133,0.120919585,1.0649337,0.4
chai1253,15,0.08346454,0.06521954,1.2797475,0.6
cham1315,10,0.16778648,0.14254567,1.1770717,0.2
ebit1237,22,0.027119577,0.02592799,1.0459576,0.5
cham1316,10,0.035204254,0.028040875,1.255462,0.1
cham1318,10,0.13724679,0.12180338,1.1267897,0.2
chan1296,16,0.15260947,0.13997939,1.0902281,0.3
chap1269,16,0.099417254,0.09874689,1.0067887,0.8
char1240,16,0.111951254,0.11031914,1.0147945,0.8
chay1248,26,0.15523078,0.121978685,1.2726058,0.1
nucl1664,15,0.04352814,0.035256624,1.2346089,0.2
cahu1266,11,0.025536353,0.024620837,1.0371846,0.7
jesu1239,26,0.053163063,0.050388586,1.0550616,0.5
sill1241,2,0.037269752,0.034664262,1.0751636,0.3
chib1270,10,0.14366984,0.13330027,1.0777911,0.6
chil1264,17,0.11793201,0.11793198,1.0000002,1.0
chim1302,1,0.044230502,0.0442305,1.0000001,1.0
boli1264,1,0.029442113,0.029442083,1.000001,1.0
nort3351,1,0.035515685,0.03551569,0.9999999,1.0
chim1309,8,0.154475,0.15009746,1.0291647,0.3
chin1483,1,0.027982574,0.027982557,1.0000006,1.0
arma1246,26,0.04469491,0.04203524,1.0632724,0.6
tant1234,22,0.032634705,0.029154902,1.1193557,0.3
topa1241,22,0.03288596,0.029072529,1.1311697,0.3
chip1262,16,0.12651107,0.11774983,1.0744056,0.3
chiq1248,26,0.16427113,0.12855725,1.2778052,0.0
conc1244,26,0.0480914,0.041975915,1.1456903,0.5
jesu1240,26,0.04344254,0.0400616,1.0843935,0.5
sani1274,26,0.05380066,0.047721427,1.12739,0.6
sanj1279,26,0.040556334,0.037666403,1.0767244,0.6
sant1429,26,0.036698926,0.03259645,1.1258565,0.7
chiq1249,1,0.032218624,0.032218616,1.0000002,1.0
chir1286,22,0.13041198,0.11673528,1.11716,0.5
apap1240,22,0.027707696,0.023980599,1.1554214,0.4
chir1294,8,0.15141323,0.1373992,1.101995,0.3
chol1284,11,0.16356689,0.14074662,1.1621372,0.2
chon1248,25,0.1633081,0.15187746,1.0752622,0.3
cint1239,12,0.14495218,0.13914087,1.0417656,0.5
clas1251,16,0.15063098,0.13182655,1.1426452,0.3
coca1259,23,0.15287755,0.12646285,1.2088733,0.2
coca1260,23,0.028931607,0.026638139,1.0860971,0.5
coca1261,23,0.034365214,0.03270083,1.0508974,0.5
coer1236,16,0.09808655,0.09718586,1.0092677,0.9
cofa1242,20,0.15553905,0.13927636,1.1167656,0.3
agua1254,20,0.15366998,0.02900805,5.2974944,0.0
sant1434,1,0.05245893,0.03823014,1.3721877,0.3
cogu1240,20,0.16386858,0.13441455,1.2191283,0.1
colo1249,17,0.123944685,0.12038978,1.0295283,0.9
colo1254,21,0.20477995,0.16964856,1.2070833,0.1
colo1256,16,0.1698029,0.15139648,1.1215776,0.2
coro1247,1,0.06102998,0.06102295,1.0001153,0.9
coro1248,16,0.11500968,0.106751464,1.0773593,0.4
coro1249,26,0.051440805,0.043765955,1.1753612,0.1
coto1237,2,0.047196347,0.04009694,1.1770561,0.2
creo1235,15,0.14458469,0.12773234,1.1319349,0.5
cube1242,8,0.1370547,0.12426384,1.102933,0.2
cuib1242,25,0.13546082,0.12020037,1.1269584,0.4
chir1288,25,0.03198696,0.026219696,1.2199593,0.3
tamp1255,25,0.0393646,0.03045838,1.2924062,0.1
masi1272,18,0.048048355,0.026660096,1.8022574,0.3
moch1258,26,0.040267337,0.035285413,1.1411893,0.4
chir1287,2,0.028642666,0.026258904,1.0907792,0.4
yara1251,26,0.044958115,0.038793385,1.1589118,0.4
culi1244,20,0.1517434,0.13814922,1.0984021,0.2
juru1257,20,0.15519346,0.03954465,3.9245124,0.0
tuku1255,20,0.16057417,0.043546606,3.6874094,0.0
cull1235,16,0.15060464,0.14399265,1.045919,0.5
cuma1240,16,0.14254296,0.1334675,1.0679976,0.4
cure1236,16,0.12111137,0.108174995,1.1195875,0.3
curr1243,5,0.10109649,0.08328654,1.2138395,0.8
korr1239,2,0.0335942,0.031005949,1.083476,0.3
unhu1238,5,0.17589276,0.035146553,5.004552,0.0
cusc1236,1,0.1506302,0.1117515,1.3479033,0.1
cayl1238,1,0.03248302,0.030439233,1.0671431,0.6
daww1239,0,0.16106504,0.13073437,1.2320023,0.2
demu1235,6,0.13179651,0.111120746,1.1860658,0.3
deni1241,4,0.20687702,0.14473107,1.4293891,0.1
inau1238,23,0.027377743,0.02304799,1.1878582,0.5
bomf1238,25,0.030810934,0.027195657,1.1329358,0.5
mamo1239,4,0.047138155,0.045787297,1.0295029,0.8
paui1240,21,0.03131234,0.030832063,1.0155772,0.9
desa1247,8,0.12588815,0.122438475,1.0281748,0.6
djeo1235,19,0.14610405,0.1255918,1.1633248,0.3
duit1239,10,0.16049139,0.13912651,1.1535645,0.2
east2551,1,0.03506794,0.035067927,1.0000004,1.0
aban1243,1,0.049346954,0.026124412,1.8889211,0.2
anta1256,1,0.04542482,0.026949983,1.6855232,0.1
cota1242,11,0.035437755,0.029899841,1.1852155,0.5
east2555,22,0.125753,0.11266639,1.1161536,0.6
avaa1240,22,0.03453598,0.03177362,1.0869389,0.2
izoc1240,8,0.090437934,0.03170719,2.8522847,0.2
simb1261,19,0.049486917,0.044220924,1.1190838,0.3
ecua1243,17,0.14123574,0.13646874,1.0349311,0.8
embe1259,15,0.1664069,0.12655208,1.3149283,0.3
embe1260,15,0.16353533,0.12894616,1.2682451,0.3
embe1261,5,0.08194138,0.056027096,1.4625313,0.6
embe1262,8,0.14251652,0.113887526,1.2513796,0.2
emer1243,22,0.15215388,0.13386834,1.1365935,0.2
enap1235,2,0.15506272,0.1338511,1.1584718,0.1
enaw1238,14,0.16705845,0.117258444,1.424703,0.1
epen1239,15,0.16896689,0.13308255,1.2696396,0.3
basu1242,15,0.036733538,0.027157169,1.3526276,0.1
esee1248,8,0.13686147,0.12743679,1.0739558,0.2
baaw1234,8,0.09759974,0.023396034,4.171636,0.0
sone1234,10,0.032744568,0.028765684,1.1383204,0.3
fuln1247,18,0.17503825,0.13662286,1.2811784,0.1
fuln1248,18,0.057225473,0.04519864,1.2660884,0.3
yate1241,2,0.028079147,0.027119827,1.0353733,0.6
gali1262,2,0.15266633,0.123602584,1.2351387,0.2
mura1272,23,0.028977651,0.02570256,1.1274227,0.3
taba1267,2,0.025957424,0.025028002,1.0371354,0.4
tyre1237,2,0.03262776,0.031944238,1.0213974,0.7
gavi1246,14,0.16911104,0.1284354,1.3167012,0.2
gavi1247,14,0.05737225,0.048394434,1.1855134,0.3
zoro1244,14,0.036449958,0.028523367,1.2778982,0.1
geic1236,16,0.124599315,0.12054537,1.03363,0.4
guac1239,4,0.17791067,0.11624639,1.5304619,0.1
guah1255,25,0.126122,0.110679194,1.1395276,0.4
amar1275,16,0.12420519,0.028269207,4.3936567,0.1
nucl1665,25,0.049309522,0.03849225,1.2810246,0.2
siku1244,25,0.046347607,0.035624426,1.3010064,0.2
tigr1254,25,0.04061551,0.033854406,1.1997112,0.2
xura1234,25,0.032555647,0.026242668,1.2405616,0.3
amor1238,2,0.03615991,0.03329905,1.0859141,0.5
guaj1256,12,0.108747266,0.10429908,1.0426483,0.6
anam1251,19,0.06304435,0.05739679,1.098395,0.3
awag1234,2,0.034582414,0.030771356,1.1238508,0.4
guam1236,1,0.20498106,0.12083109,1.6964265,0.0
sanj1287,1,0.052191615,0.0429581,1.2149423,0.2
sant1461,1,0.047177844,0.03586809,1.3153152,0.3
guam1248,5,0.09724029,0.07661568,1.2691958,0.8
guan1268,23,0.17321119,0.13079482,1.324297,0.2
echo1239,23,0.03788042,0.034677614,1.0923595,0.1
laya1256,23,0.03489078,0.028587054,1.2205098,0.3
guan1269,8,0.12076668,0.115307115,1.047348,0.5
guar1292,22,0.13324514,0.12401559,1.0744225,0.5
guar1293,19,0.13069314,0.12264731,1.0656013,0.4
bani1260,19,0.04170578,0.040824305,1.0215919,0.6
ware1257,19,0.042454343,0.03802841,1.1163849,0.2
guat1253,22,0.15569887,0.1332262,1.1686805,0.2
guay1257,25,0.14198713,0.115152195,1.2330389,0.4
guen1235,16,0.119507134,0.116458714,1.026176,0.6
guia1246,15,0.15443082,0.1275867,1.2103992,0.5
guin1258,14,0.03962309,0.03486236,1.1365578,0.3
guya1253,7,0.08070622,0.07700294,1.0480926,0.8
haus1240,4,0.1746391,0.146673,1.1906698,0.4
hibi1243,11,0.16349891,0.13321908,1.2272935,0.2
hixk1239,25,0.14421651,0.13035752,1.1063153,0.2
hixk1240,25,0.037449658,0.034219723,1.0943881,0.4
xere1241,25,0.03407514,0.029609108,1.150833,0.4
huac1244,2,0.14222331,0.1228181,1.1579996,0.2
aras1241,2,0.026900506,0.024040561,1.1189632,0.5
huac1245,11,0.029664403,0.02612031,1.1356834,0.3
sapi1239,2,0.03084367,0.029195094,1.0564675,0.6
toye1240,2,0.033676606,0.032450657,1.0377789,0.6
hual1241,26,0.14588925,0.11673528,1.2497443,0.5
huam1247,3,0.16966107,0.13414404,1.2647679,0.3
huam1248,1,0.04839524,0.048395228,1.0000002,1.0
huam1249,1,0.047832496,0.031376265,1.5244802,0.1
monz1251,1,0.05234903,0.03458128,1.5137967,0.0
nort2978,21,0.059327524,0.055848617,1.0622917,0.6
huay1240,26,0.1493899,0.12699471,1.1763474,0.4
huai1241,26,0.055656563,0.029773528,1.8693305,0.1
huar1256,26,0.05346015,0.03135826,1.7048187,0.1
yung1256,19,0.056516625,0.036723483,1.5389777,0.1
huay1241,21,0.18718344,0.07121013,2.6286068,0.1
east2553,21,0.035191458,0.033834077,1.0401187,0.7
wayc1238,2,0.03465432,0.030177653,1.1483438,0.1
west2638,21,0.03589779,0.03390444,1.0587932,0.8
huil1244,8,0.18548894,0.1392619,1.3319432,0.0
tses1238,8,0.08965616,0.027660519,3.2413044,0.1
hupd1244,21,0.17473647,0.13542983,1.2902362,0.0
nehu1238,21,0.039844133,0.0370126,1.0765018,0.7
tuhu1238,21,0.039661873,0.03888183,1.0200619,0.8
hupd1245,21,0.036579587,0.036347993,1.0063716,0.9
igna1246,15,0.07552431,0.060322028,1.2520187,0.4
ikpe1245,25,0.14844392,0.13298924,1.11621,0.3
imba1240,1,0.0414566,0.0414566,1.0,1.0
inap1242,2,0.13325298,0.116059445,1.1481442,0.3
inap1243,15,0.057532858,0.04755236,1.2098844,0.2
paca1247,26,0.0471145,0.043370206,1.0863333,0.2
inga1252,26,0.16135149,0.13785166,1.1704719,0.2
apon1238,26,0.05433145,0.036075078,1.5060661,0.1
sant1431,26,0.046482928,0.04342676,1.0703752,0.6
apon1239,26,0.043617178,0.041190654,1.0589095,0.7
guay1256,11,0.030949092,0.027032936,1.1448661,0.4
sana1282,26,0.05207751,0.045843303,1.1359894,0.4
yung1255,26,0.04460586,0.0397376,1.1225101,0.4
jung1240][inj,26,0.05733339,0.055064462,1.0412049,0.6
inga1254,14,0.037154593,0.031718016,1.1714034,0.2
inma1234,7,0.053259235,0.051902317,1.0261437,0.9
iqui1243,2,0.13694699,0.11735871,1.1669095,0.4
pint1253,10,0.037097313,0.029505378,1.2573068,0.2
iran1263,25,0.14570071,0.13595259,1.0717024,0.4
iran1264,22,0.028213073,0.027254533,1.03517,0.7
munk1243,23,0.03544969,0.034448862,1.0290526,0.6
isco1239,11,0.14370306,0.13081838,1.0984929,0.3
iten1243,11,0.16778858,0.14195368,1.1819953,0.1
itor1239,11,0.034406733,0.029584449,1.1630006,0.2
iton1250,11,0.14615193,0.132322,1.1045172,0.4
iyoj1235,6,0.14579174,0.13990232,1.0420966,0.5
iyow1239,6,0.1436348,0.13301079,1.0798733,0.3
iyoa1234,2,0.05840587,0.05776485,1.0110971,0.8
manj1251,22,0.029061884,0.028642511,1.0146416,0.8
jama1261,12,0.13648906,0.12715903,1.073373,0.3
bana1307,12,0.20765202,0.024417192,8.504336,0.0
east2800,21,0.03351306,0.033008516,1.0152854,0.9
jara1276,2,0.022339111,0.01954655,1.1428672,0.4
japr1238,2,0.15997209,0.1268243,1.2613678,0.1
jaqa1244,16,0.15166013,0.1360168,1.1150103,0.2
jauj1238,21,0.17643604,0.06310172,2.7960577,0.1
jebe1250,3,0.17557076,0.12826726,1.3687886,0.2
jira1235,16,0.12688598,0.12451273,1.0190603,0.7
ayom1234,16,0.12984715,0.03125108,4.1549654,0.1
gayo1245,14,0.03888207,0.03426849,1.1346303,0.3
jira1249,2,0.020800043,0.019191783,1.0837994,0.5
jora1240,12,0.12725382,0.11851195,1.0737636,0.3
juma1249,24,0.04648275,0.046482734,1.0000004,1.0
juma1250,20,0.12658754,0.12215052,1.0363243,0.6
jupu1235,10,0.13024837,0.10759334,1.2105616,0.1
juri1235,10,0.1423896,0.12943628,1.1000748,0.3
juru1256,18,0.17842536,0.11775193,1.5152647,0.0
arup1240,0,0.024176437,0.02137739,1.130935,0.4
yudj1234,18,0.05951317,0.045774125,1.3001487,0.1
yudj1235,18,0.07023655,0.048153542,1.4585956,0.1
kadi1248,25,0.15488012,0.1493174,1.0372543,0.4
kain1272,21,0.15336823,0.11945567,1.2838924,0.3
cent2143,21,0.03875687,0.03488312,1.1110494,0.8
para1314,21,0.05930534,0.038572885,1.5374877,0.1
sout2997,21,0.03710378,0.036630053,1.0129328,0.9
sout2998,21,0.038918488,0.038511503,1.0105679,0.8
kais1242,25,0.1534154,0.104220495,1.4720272,0.1
kaiw1246,22,0.13471594,0.12037746,1.1191127,0.5
kaiw1247,4,0.03704962,0.035321314,1.048931,0.7
temb1275,22,0.023659801,0.021039665,1.1245332,0.5
teui1238,22,0.03132282,0.028115045,1.1140945,0.3
kaja1257,7,0.03472354,0.032732517,1.060827,0.9
kama1372,20,0.12417279,0.112864695,1.1001916,0.3
kama1373,25,0.15054658,0.13706312,1.0983741,0.2
kana1291,0,0.1408835,0.11282307,1.2487118,0.3
cuti1242,0,0.067499466,0.058502167,1.1537943,0.6
katu1276,0,0.05239897,0.0480618,1.0902416,0.3
tsho1239,0,0.046450645,0.042882156,1.0832162,0.3
kank1244,16,0.11824665,0.11647682,1.0151948,0.9
kano1245,20,0.13411948,0.11889074,1.1280903,0.4
kara1500,15,0.18809828,0.13178244,1.4273394,0.0
java1255,15,0.04645691,0.035066944,1.3248063,0.1
nort3408,21,0.038088612,0.034007303,1.1200128,0.6
sout3388,21,0.033805788,0.033626836,1.0053217,0.9
xamb1234,15,0.04195348,0.026510198,1.5825412,0.0
kari1254,2,0.1744779,0.14015913,1.2448558,0.1
dzub1241,2,0.028973574,0.027062763,1.0706067,0.3
kamu1237,23,0.025697041,0.023296982,1.1030202,0.2
kipe1235,2,0.026839118,0.024555082,1.0930169,0.2
sabu1246,2,0.032525368,0.030066049,1.0817972,0.4
kari1301,9,0.14621262,0.13336726,1.0963157,0.2
gali1270,9,0.11913051,0.0675501,1.7635875,0.2
kari1318,9,0.106647775,0.06203238,1.7192276,0.2
pali1280,9,0.11157788,0.0657834,1.6961405,0.3
kari1311,20,0.1438876,0.11649372,1.2351533,0.1
kari1312,2,0.030533409,0.028580254,1.0683393,0.3
kari1317,9,0.14086093,0.1259175,1.1186764,0.4
karo1305,23,0.18395981,0.13305564,1.382578,0.0
karo1306,2,0.035857946,0.031968545,1.1216633,0.4
ntag1234,11,0.047465462,0.04232313,1.1215017,0.4
rama1273,23,0.030805837,0.02764312,1.1144124,0.3
uruk1241,23,0.03192075,0.027789354,1.1486683,0.3
kata1270,0,0.15307401,0.11320107,1.3522311,0.3
kaxa1239,12,0.14656855,0.13169542,1.1129358,0.2
kaxu1237,24,0.042213153,0.04221316,0.9999998,1.0
cunu1237,23,0.027077049,0.0232346,1.1653762,0.3
decu1237,2,0.05141266,0.043738686,1.1754506,0.0
ihur1237,24,0.041157186,0.023003047,1.7892058,0.0
pawi1238,10,0.02979527,0.022978563,1.296655,0.2
kaya1329,12,0.11551513,0.11105771,1.040136,0.5
kaya1330,25,0.13606614,0.117578864,1.157233,0.3
kara1501,21,0.08147146,0.07796253,1.0450078,0.5
kaya1331,25,0.042878203,0.036987294,1.1592685,0.2
xikr1238,25,0.028828437,0.02727211,1.0570666,0.6
kepk1241,12,0.1000098,0.09973364,1.0027689,0.9
kimd1235,2,0.033549864,0.031639703,1.0603722,0.4
kite1237,16,0.08956144,0.089561425,1.0000001,1.0
kore1283,8,0.14266554,0.13353117,1.0684062,0.3
koru1247,16,0.12773935,0.117001615,1.0917742,0.3
kren1239,22,0.15235427,0.13565789,1.123077,0.1
aran1269,0,0.03837495,0.03687365,1.0407147,0.6
baku1266,22,0.03219024,0.029959803,1.0744476,0.4
guer1242,14,0.029778767,0.026424492,1.1269381,0.3
guti1236,22,0.039550155,0.036316257,1.0890483,0.4
krak1234,22,0.032221574,0.029255975,1.1013674,0.5
kren1240,22,0.03639146,0.033614926,1.0825982,0.4
nakn1235,22,0.040233236,0.038620252,1.0417652,0.5
nakn1234,22,0.033809114,0.0320879,1.0536406,0.4
nakr1234,22,0.027442366,0.02597646,1.0564321,0.5
pozh1234,2,0.033549994,0.030283201,1.1078748,0.2
ship1257,3,0.07022949,0.031726878,2.2135646,0.2
krey1238,19,0.15942037,0.11904023,1.3392142,0.0
cuko1234,22,0.036150802,0.032939326,1.0974967,0.3
krej1234,19,0.051485486,0.049645383,1.0370649,0.5
timb1265,19,0.045351196,0.039782353,1.1399827,0.3
kuik1246,9,0.13338822,0.12065263,1.1055559,0.4
kuli1255,20,0.15243483,0.13592568,1.1214571,0.3
kunz1244,16,0.14514683,0.13947323,1.0406787,0.4
kuru1309,12,0.10243614,0.1017318,1.0069236,0.8
kust1238,16,0.09961593,0.09738811,1.0228757,0.6
kuyu1236,12,0.14236632,0.13742028,1.035992,0.5
kwaz1243,20,0.1447001,0.12824574,1.1283033,0.2
kwin1243,25,0.1686119,0.15848434,1.0639026,0.4
lako1248,24,0.03828631,0.038286317,0.9999998,1.0
lamb1276,14,0.18202756,0.11441617,1.5909252,0.1
cana1261,14,0.04740391,0.04061543,1.1671405,0.1
inca1238,14,0.029152567,0.025306731,1.1519688,0.3
latu1238,24,0.0497183,0.049718313,0.99999976,1.0
leco1242,6,0.1427617,0.13522382,1.0557438,0.2
ling1271,13,0.034322828,0.051637895,0.6646829,0.2
ling1272,13,0.03160891,0.057366334,0.551001,0.2
ling1273,13,0.032310784,0.05877298,0.54975575,0.2
loja1235,1,0.035029005,0.035029024,0.99999946,1.0
lore1243,10,0.16243069,0.1348321,1.2046885,0.2
lule1238,6,0.13775495,0.13120958,1.0498848,0.4
mabe1235,3,0.18517776,0.13998404,1.322849,0.1
maca1259,19,0.16186066,0.123198286,1.3138224,0.0
maca1266,19,0.052770942,0.05025068,1.0501539,0.4
maca1265,19,0.042994708,0.042626716,1.0086329,0.8
maca1260,0,0.16011438,0.12736955,1.2570852,0.1
maca1261,8,0.11215444,0.10542862,1.063795,0.6
mach1267,18,0.11867507,0.11693722,1.0148613,0.8
mach1268,15,0.07256107,0.04904904,1.4793576,0.3
maco1239,8,0.13435374,0.120662466,1.1134676,0.4
macu1258,22,0.033830225,0.03090189,1.0947623,0.3
macu1259,25,0.14472033,0.13311115,1.0872142,0.2
macu1260,8,0.11400769,0.10668354,1.0686531,0.6
macu1262,7,0.039341696,0.0379044,1.0379189,0.9
maip1247,0,0.036666792,0.03394403,1.0802133,0.5
bani1254][bvv,22,0.031464063,0.028611893,1.0996847,0.4
maip1246,18,0.046350233,0.025230575,1.837066,0.2
maku1246,23,0.16202399,0.12724605,1.2733126,0.1
maku1278,8,0.12557766,0.10790447,1.1637855,0.4
mala1432,16,0.11690887,0.11044951,1.0584825,0.6
mala1522,8,0.15078688,0.14141059,1.0663054,0.3
mama1278,18,0.050068207,0.028971959,1.7281609,0.2
mana1299,12,0.12696864,0.11679405,1.0871156,0.5
mand1448,19,0.12680689,0.12054499,1.0519465,0.5
mapi1252,10,0.13906279,0.11710515,1.1875037,0.3
mapo1246,15,0.09779801,0.07697515,1.270514,0.4
mapu1245,23,0.18292613,0.13319334,1.3733879,0.0
molu1245,23,0.029617798,0.028593283,1.0358306,0.8
pehu1241,23,0.030228585,0.02706105,1.1170514,0.3
picu1247,23,0.031022543,0.027536612,1.1265926,0.5
maqu1238,25,0.14086786,0.1300361,1.0832981,0.3
mait1253,25,0.038224597,0.027893985,1.3703526,0.2
mayo1265,18,0.05252883,0.029674744,1.7701527,0.2
mara1409,22,0.034013778,0.029695082,1.1454347,0.2
mara1418,7,0.03939209,0.03769694,1.0449679,0.9
marg1254,1,0.04024114,0.04024116,0.9999995,1.0
mari1442,12,0.10191224,0.101297475,1.0060688,0.8
maru1252,8,0.13343163,0.11508672,1.1594007,0.2
masa1311,20,0.14288178,0.12392583,1.1529621,0.2
mash1270,18,0.13693264,0.13593575,1.0073335,0.9
mata1275,11,0.12574847,0.11062269,1.136733,0.3
mati1253,8,0.13116758,0.11336593,1.1570282,0.5
nahu1343,22,0.025584858,0.023918683,1.06966,0.6
nucl1657,4,0.039717764,0.038972337,1.0191271,0.9
mati1255,9,0.14487986,0.13314456,1.0881395,0.3
mato1253,12,0.11509304,0.10985319,1.0476986,0.6
mats1244,9,0.12764758,0.12007681,1.0630493,0.6
maxa1247,6,0.17140432,0.14433482,1.1875465,0.2
maxa1248,7,0.03716705,0.034865838,1.0660019,0.9
mayo1270,9,0.13672361,0.09580092,1.4271638,0.3
mayo1271,9,0.13738887,0.10073014,1.3639301,0.3
mayo1272,9,0.13611417,0.10214963,1.332498,0.3
mbya1239,22,0.13231263,0.12032358,1.09964,0.6
bati1254,22,0.040648352,0.035158377,1.1561499,0.3
tamb1258,22,0.03372838,0.030366223,1.1107203,0.4
mehi1240,19,0.12935856,0.1256183,1.0297749,0.5
meni1247,20,0.12403913,0.11447563,1.0835418,0.4
mepu1234,16,0.1299769,0.11790888,1.1023504,0.2
mill1237,3,0.18686752,0.14751372,1.2667806,0.1
mini1256,23,0.1589913,0.1363577,1.165987,0.4
miri1270,6,0.13006409,0.103378676,1.2581326,0.2
moch1259,16,0.14535858,0.13824637,1.0514458,0.4
moco1246,21,0.18031634,0.13278507,1.3579565,0.2
mori1273,16,0.121487714,0.11735685,1.0351992,0.5
mose1249,0,0.041611098,0.0393429,1.057652,0.5
chim1313,0,0.032666624,0.024932737,1.3101901,0.1
cove1234,0,0.056418706,0.04942892,1.1414108,0.2
sant1467,0,0.057661932,0.04585863,1.2573845,0.2
movi1243,11,0.1519741,0.13674064,1.1114041,0.3
muin1242,10,0.1363138,0.118200615,1.153241,0.2
mund1330,9,0.13812053,0.12563488,1.0993805,0.5
muni1258,10,0.15962064,0.14312641,1.1152424,0.3
mure1235,16,0.14254913,0.13400593,1.0637523,0.4
muru1274,23,0.1446195,0.12015538,1.203604,0.4
mica1243,23,0.03409595,0.033866096,1.0067872,0.8
nade1244,0,0.1565511,0.1229465,1.273327,0.2
para1323,0,0.043734033,0.03972458,1.1009313,0.6
rion1246,0,0.053639602,0.046871215,1.1444039,0.3
roca1234,0,0.051340878,0.047911502,1.0715773,0.3
nant1250,18,0.12729467,0.12729469,0.9999999,1.0
nape1237,16,0.11068819,0.106152095,1.042732,0.7
napo1242,1,0.04291256,0.04291256,1.0,1.0
sant1430,1,0.03581624,0.03417602,1.0479933,0.9
nawa1239,11,0.12557921,0.115948476,1.0830605,0.5
ndyu1242,24,0.05577489,0.05446306,1.0240866,0.8
aluk1239,24,0.042396344,0.029033786,1.4602417,0.1
para1317,25,0.04241671,0.03390611,1.2510049,0.2
nhen1239,12,0.14694159,0.14484866,1.0144491,0.6
nina1238,21,0.18477905,0.11690287,1.5806203,0.0
cent2369,21,0.03616505,0.033550132,1.0779407,0.7
nort2981,21,0.035754472,0.03296181,1.0847242,0.7
sout2993,21,0.037090518,0.036447633,1.0176386,0.8
niva1238,0,0.17524204,0.14753577,1.1877935,0.3
fore1271,0,0.054829102,0.05094505,1.0762401,0.3
rive1261,0,0.047359742,0.042175572,1.1229187,0.6
noma1263,11,0.03411466,0.031651694,1.0778146,0.3
nonu1241,23,0.14406171,0.12819968,1.1237291,0.3
nort2971,6,0.13901009,0.12829706,1.0835017,0.5
nort2972,15,0.16153392,0.12936787,1.2486402,0.3
nort2973,1,0.039476417,0.039476432,0.99999964,1.0
tigr1253,1,0.041536886,0.035569496,1.167767,0.6
nort2976,16,0.14881572,0.1103251,1.3488836,0.2
apol1241,24,0.05538682,0.04131921,1.3404617,0.1
char1270,16,0.13026847,0.027969081,4.6575885,0.0
chum1263,23,0.025928313,0.02461884,1.0531899,0.6
nort2979,1,0.030979931,0.030979913,1.0000006,1.0
nort2980,16,0.13402614,0.11900592,1.126214,0.4
nuev1238,7,0.044065893,0.040520817,1.0874878,0.8
nuka1242,8,0.14280276,0.12880565,1.1086684,0.2
nuku1263,11,0.15359575,0.1322547,1.1613632,0.2
cuya1239,11,0.024933785,0.021488588,1.1603268,0.4
nupo1240,23,0.16796562,0.14072827,1.1935457,0.2
ocai1244,10,0.14142254,0.12210083,1.1582439,0.2
duka1249,10,0.03401182,0.030545283,1.1134884,0.2
ibot1242,2,0.042500146,0.04095607,1.0377008,0.4
ofay1240,25,0.15078913,0.13746272,1.0969456,0.3
omag1248,19,0.16275147,0.14158982,1.1494573,0.0
cura1243,19,0.05556146,0.047080647,1.1801337,0.1
curu1244,19,0.056700476,0.05147586,1.1014965,0.4
omur1241,10,0.12997432,0.121877275,1.066436,0.5
onaa1245,4,0.17394438,0.14377642,1.2098255,0.4
koyu1239,22,0.027733112,0.025325924,1.0950483,0.4
selk1256,4,0.050373863,0.041776657,1.2057897,0.4
selk1257,4,0.038310476,0.033930905,1.1290731,0.6
selk1255,4,0.041977115,0.033439677,1.2553086,0.5
nucl1800,4,0.042521797,0.042521805,0.9999998,1.0
opon1234,16,0.12678362,0.12373854,1.024609,0.7
orej1242,21,0.18969232,0.13356294,1.4202467,0.0
nort3353,21,0.036139887,0.035377264,1.0215569,0.7
sout3336,21,0.035238754,0.035238735,1.0000005,1.0
west2951,21,0.03197977,0.031420767,1.0177908,0.9
orow1243,20,0.16941744,0.14463487,1.1713457,0.1
otii1244,6,0.13849,0.1314946,1.0531992,0.4
otom1301,16,0.100434676,0.09993972,1.0049525,0.9
otuk1240,16,0.12978546,0.12616508,1.0286956,0.6
paca1245,26,0.13260102,0.10835753,1.2237362,0.4
paca1246,8,0.14300232,0.12861693,1.1118468,0.2
paez1247,21,0.1896554,0.14904323,1.2724857,0.1
pita1247,21,0.036504943,0.03312205,1.1021341,0.7
nort3373,21,0.039385505,0.035758466,1.1014316,0.7
pani1260,21,0.03735282,0.036847867,1.0137037,0.9
pait1247,22,0.13825369,0.123538494,1.1191143,0.6
pale1260,5,0.18899195,0.17809574,1.0611818,0.6
pali1279,16,0.14341843,0.13337716,1.0752847,0.1
palm1241,20,0.1191016,0.115314744,1.0328393,0.7
pana1306,1,0.03320561,0.03320558,1.000001,1.0
pana1307,21,0.16747782,0.12023322,1.3929412,0.0
moss1239,21,0.04836498,0.047807325,1.0116646,0.7
tria1234,21,0.061602272,0.05964338,1.0328434,0.6
pank1250,25,0.14236717,0.124864176,1.1401763,0.3
pano1254,0,0.14945614,0.104195036,1.4343883,0.2
arar1265,0,0.030735265,0.028213482,1.0893822,0.5
arar1263,0,0.023235518,0.021815902,1.0650725,0.7
arar1264,0,0.022330295,0.018047433,1.2373114,0.5
sana1283,11,0.025911814,0.023123782,1.1205698,0.5
pano1255,16,0.13414302,0.11928014,1.124605,0.3
papi1253,12,0.17743453,0.16117916,1.1008528,0.2
papi1256,7,0.045620985,0.041885562,1.0891817,0.9
para1309,20,0.108043626,0.1030864,1.0480881,0.6
para1310,12,0.115941286,0.11486876,1.009337,0.7
para1311,15,0.1087332,0.088120714,1.2339119,0.1
jopa1240,2,0.026929855,0.025891894,1.0400883,0.6
mode1267,15,0.08018509,0.063862145,1.2555966,0.3
oldp1258,19,0.055317502,0.050097078,1.1042062,0.4
para1312,24,0.04001518,0.040015183,0.9999999,1.0
para1313,24,0.04135863,0.041358612,1.0000005,1.0
para1315,24,0.04375143,0.04373029,1.0004834,0.9
akra1234,24,0.045276582,0.0349076,1.2970407,0.3
kyik1234,24,0.0410074,0.030703574,1.3355904,0.3
timb1254,24,0.043612354,0.03794863,1.149247,0.4
para1316,19,0.13341352,0.12522015,1.0654317,0.6
alil1239,24,0.044968348,0.029549241,1.5218105,0.2
toaa1239,22,0.03177359,0.028932577,1.0981942,0.4
para1318,17,0.118539415,0.118539415,1.0,1.0
para1324,11,0.12992583,0.102413,1.2686459,0.2
pare1272,9,0.14150771,0.12448692,1.1367276,0.1
pass1250,20,0.1333413,0.12976924,1.0275263,0.6
pata1261,0,0.15297167,0.12066747,1.2677126,0.1
pata1262,0,0.121211946,0.0654718,1.8513612,0.2
paum1247,9,0.14632215,0.13425358,1.0898938,0.3
paum1248,9,0.10236695,0.032003038,3.1986635,0.2
kuru1310,9,0.1015019,0.035535447,2.8563561,0.2
uaia1240,9,0.09824036,0.028897578,3.3996053,0.2
paun1241,16,0.13011679,0.11851607,1.0978831,0.3
paus1244,22,0.13924214,0.123742364,1.1252584,0.3
paux1235,2,0.03591027,0.033117183,1.0843395,0.4
paux1236,20,0.11980275,0.10410808,1.1507536,0.3
paya1236,16,0.11762762,0.10618023,1.107811,0.2
peba1243,6,0.13488445,0.113042876,1.1932149,0.2
pemo1245,15,0.10433751,0.08463009,1.2328655,0.3
pemo1248,9,0.1511639,0.12842524,1.1770576,0.1
cama1252,11,0.033776827,0.030412178,1.1106349,0.4
arec1238,0,0.02631911,0.023854971,1.1032968,0.5
taur1239,9,0.11239381,0.028130364,3.9954624,0.1
taul1252,9,0.10642109,0.036545135,2.9120452,0.2
peru1235,17,0.11226592,0.112265944,0.9999998,1.0
piap1246,19,0.12967703,0.11922173,1.0876962,0.4
piar1243,8,0.124334075,0.11319049,1.0984498,0.5
pich1237,18,0.06630981,0.06513809,1.0179883,0.8
pila1245,0,0.16550452,0.13664155,1.2112312,0.2
chac1252,0,0.041649967,0.035777695,1.1641322,0.2
toba1270,0,0.033218175,0.03175064,1.0462205,0.5
pime1237,20,0.13158727,0.12982877,1.0135448,0.8
pira1253,9,0.13509473,0.12373446,1.0918117,0.1
mura1273,23,0.025152719,0.023531538,1.068894,0.4
pira1254,5,0.08974911,0.06517895,1.3769646,0.5
pisa1245,16,0.15580857,0.14573504,1.0691222,0.4
play1240,25,0.13588351,0.1142993,1.1888394,0.4
pepo1234,22,0.030706894,0.027938962,1.0990707,0.5
maya1284,2,0.030662179,0.029056538,1.0552592,0.4
poya1241,11,0.12056731,0.11213565,1.0751916,0.5
puel1244,4,0.1619328,0.12821919,1.2629373,0.4
puin1248,25,0.14676401,0.123888694,1.1846441,0.3
pume1238,8,0.14538759,0.11960192,1.2155958,0.1
puno1238,1,0.13811155,0.1093183,1.2633891,0.1
cail1238,1,0.03348445,0.030621689,1.0934881,0.6
puqu1242,16,0.13240764,0.13024321,1.0166184,0.7
puri1262,18,0.05951054,0.0384732,1.546805,0.1
puru1264,22,0.15643981,0.118559554,1.319504,0.1
qawa1238,2,0.16260178,0.14661697,1.1090243,0.1
tawo1245,2,0.03270355,0.03092876,1.0573831,0.5
aksa1237,2,0.06729321,0.05529635,1.2169558,0.0
rama1271,20,0.1430668,0.1318682,1.0849227,0.2
remo1248,6,0.11812578,0.10160832,1.1625601,0.4
remo1249,6,0.11685555,0.0943939,1.2379565,0.4
remo1250,6,0.11948161,0.10329302,1.1567249,0.4
resi1247,16,0.13142066,0.12632509,1.040337,0.6
reye1240,8,0.12549607,0.11805676,1.0630147,0.5
rikb1245,25,0.14525947,0.13616686,1.0667756,0.3
riog1239,9,0.17630222,0.16898592,1.0432954,0.4
roco1235,16,0.13554375,0.12910184,1.0498979,0.4
saba1268,14,0.16906813,0.120416924,1.4040229,0.3
saki1248,12,0.12764199,0.12122462,1.0529379,0.4
guar1295,14,0.030850017,0.026220322,1.176569,0.3
saku1239,15,0.044385094,0.0321471,1.3806875,0.2
siok1234,11,0.035669066,0.03158486,1.129309,0.2
sala1272,1,0.03895185,0.038951863,0.9999997,1.0
chib1272,1,0.02616616,0.026166165,0.99999976,1.0
plat1261,1,0.02944535,0.029445391,0.9999986,1.0
sala1284,1,0.028272737,0.028272707,1.0000011,1.0
sala1273,12,0.10954181,0.109541796,1.0000001,1.0
sali1298,25,0.16236977,0.14337298,1.1324991,0.5
sana1298,11,0.027955854,0.025162756,1.1110013,0.5
sanb1242,1,0.07935009,0.07408212,1.0711099,0.4
baya1263,22,0.027674949,0.02514251,1.1007234,0.4
chua1255,23,0.027390163,0.022705,1.2063494,0.3
sanm1288,26,0.04895407,0.042467702,1.1527364,0.4
sanm1289,14,0.19679403,0.119675994,1.6443902,0.1
sant1432,26,0.14534281,0.1160533,1.2523799,0.2
cata1288,0,0.059935015,0.05503593,1.0890161,0.2
sant1460,26,0.052089702,0.04362609,1.1940035,0.3
sanu1240,19,0.13060585,0.11125517,1.1739306,0.4
sano1236,19,0.040481072,0.03785489,1.0693749,0.5
sano1234,19,0.041013278,0.037518978,1.0931342,0.5
sano1235,19,0.044222705,0.03870868,1.1424494,0.4
saop1235,21,0.15226331,0.12247534,1.243216,0.3
sapa1254,20,0.115281686,0.106283806,1.084659,0.5
sape1238,20,0.13407195,0.122786805,1.0919085,0.3
sara1331,16,0.12387122,0.11909099,1.0401393,0.5
sara1340,25,0.16371754,0.14518805,1.127624,0.2
mata1310,25,0.035257764,0.02382629,1.479784,0.1
sara1339,4,0.04110921,0.03942918,1.0426089,0.7
sate1243,12,0.1221807,0.119454816,1.0228194,0.5
sech1236,23,0.1732113,0.1343503,1.2892513,0.0
olmo1234,23,0.04053109,0.038958628,1.0403624,0.6
secc1234,23,0.04608032,0.042879127,1.0746562,0.2
seco1241,8,0.1512818,0.1415724,1.0685827,0.4
ango1256,22,0.02717809,0.026337331,1.0319227,0.7
ecua1247,8,0.10035799,0.04903259,2.0467608,0.1
sens1242,6,0.14273675,0.13469002,1.0597426,0.3
shan1283,24,0.039512582,0.03907124,1.0112958,0.9
shar1245,11,0.11489618,0.04917248,2.336595,0.0
chan1321,11,0.027637804,0.026407683,1.0465819,0.6
mari1443,11,0.034735583,0.03227825,1.0761297,0.4
mast1238,11,0.033479564,0.031204587,1.0729052,0.6
shaw1250,11,0.024949277,0.021474678,1.1617998,0.5
sheb1234,3,0.06668212,0.030841064,2.1621213,0.3
ship1254,3,0.07467063,0.037451815,1.9937786,0.3
coni1241,3,0.075401485,0.03388857,2.2249827,0.2
pisq1240,3,0.076176316,0.0341658,2.2296073,0.1
shet1240,3,0.07122281,0.032039262,2.2229853,0.3
ship1255,3,0.062967375,0.027237993,2.311748,0.6
ship1256,18,0.07735562,0.056093365,1.3790512,0.1
shua1257,3,0.1602868,0.13071246,1.2262549,0.3
sihu1235,1,0.030437201,0.030437177,1.0000008,1.0
sion1247,8,0.14744441,0.14273223,1.0330142,0.5
siri1273,24,0.17593208,0.12667742,1.3888196,0.0
siri1274,8,0.12659103,0.11761453,1.0763214,0.5
sivi1235,7,0.039069645,0.03639362,1.0735301,0.8
skep1238,15,0.1613072,0.13382216,1.2053849,0.4
sout2989,6,0.14383152,0.13518535,1.0639579,0.5
sout2990,1,0.035370123,0.03537012,1.0000001,1.0
sout2991,23,0.17766456,0.11281677,1.5748063,0.0
chuq1242,23,0.032828707,0.028909987,1.1355491,0.4
coch1274,23,0.03794875,0.031645834,1.1991705,0.4
nort2975,21,0.046236914,0.04512509,1.0246387,0.7
orur1238,23,0.032058984,0.026609074,1.204814,0.2
poto1252,2,0.032024812,0.029566253,1.0831542,0.6
sucr1238,23,0.042398095,0.039772205,1.0660232,0.4
sout2992,1,0.029546166,0.029546171,0.9999998,1.0
sout2994,14,0.17134996,0.12953603,1.3227977,0.2
alat1246,14,0.029147446,0.026569992,1.0970062,0.6
gale1260,14,0.03609355,0.032276563,1.1182588,0.4
haha1244,14,0.02915622,0.02619282,1.1131378,0.6
halo1239,14,0.031029766,0.027840387,1.1145594,0.5
khit1238,11,0.030876905,0.027505677,1.1225648,0.3
mand1447,22,0.026768023,0.02529478,1.0582429,0.5
sara1330,14,0.029935837,0.022598922,1.3246577,0.1
saxw1243,14,0.032991998,0.02936775,1.123409,0.4
serr1256,14,0.04995482,0.04353019,1.1475903,0.1
waik1245,14,0.029010331,0.026033867,1.1143304,0.4
waka1281,14,0.030108387,0.02579186,1.1673601,0.3
wasu1258,14,0.0371164,0.031849217,1.1653788,0.1
sout2996,16,0.13494918,0.121402584,1.1115841,0.4
sout3127,18,0.06510279,0.06394373,1.0181264,0.9
sout3305,7,0.051363967,0.048993357,1.0483863,0.9
sran1240,24,0.169382,0.15719275,1.0775434,0.3
suru1261,12,0.12799376,0.12377995,1.0340427,0.5
suru1262,14,0.17605913,0.12388472,1.4211528,0.2
suru1263,4,0.19506538,0.124188885,1.5707153,0.0
suya1243,25,0.15172988,0.13255724,1.1446366,0.2
beic1238,11,0.039795898,0.03704405,1.0742859,0.3
kise1239,25,0.03712652,0.028729612,1.2922736,0.1
taca1256,8,0.11926029,0.117940985,1.0111861,0.7
ixia1234,8,0.09151557,0.030968618,2.9551067,0.2
tump1234,0,0.030582482,0.025977593,1.1772639,0.2
tacu1234,11,0.14882812,0.12326894,1.2073449,0.2
tall1235,11,0.16486698,0.13897356,1.186319,0.2
cata1293,11,0.036362875,0.03287651,1.1060443,0.4
cola1238,11,0.043302696,0.035049994,1.2354552,0.0
tama1338,16,0.13039306,0.12476291,1.0451268,0.5
tama1340,8,0.12792318,0.120968364,1.0574929,0.5
tani1257,22,0.16128154,0.12049302,1.3385136,0.1
retu1239,23,0.033702593,0.030186635,1.116474,0.3
tani1258,22,0.027646411,0.025294071,1.0929997,0.4
tapa1262,16,0.102670595,0.101066686,1.0158699,0.8
tapi1253,15,0.074916705,0.05213932,1.4368563,0.3
tapi1254,12,0.10739118,0.10483392,1.0243934,0.7
tari1256,25,0.14699724,0.1219816,1.2050772,0.1
kuma1282,25,0.058113765,0.048683476,1.1937062,0.1
peri1265,25,0.050543416,0.044942535,1.1246232,0.3
sant1459,25,0.0536895,0.03795133,1.4146934,0.2
peri1264,25,0.06804674,0.046397615,1.4666,0.2
taru1236,12,0.13469541,0.12817715,1.0508535,0.5
tatu1247,8,0.1242066,0.11926538,1.0414305,0.7
taus1253,16,0.14414641,0.13145955,1.0965078,0.2
tawa1278,24,0.035265446,0.035265453,0.99999976,1.0
tehu1242,4,0.17621829,0.13253558,1.3295923,0.4
tehu1246,4,0.038830567,0.03301973,1.1759808,0.5
tehu1245,4,0.04298375,0.033587676,1.2797477,0.5
temb1276,24,0.04499486,0.04499484,1.0000005,1.0
mear1240,24,0.05892549,0.046265878,1.2736274,0.5
pind1244,24,0.0580176,0.04775436,1.2149174,0.3
zuti1239,24,0.056548435,0.045534004,1.2418946,0.4
guaj1255][gub,14,0.034627527,0.02818504,1.2285782,0.2
temb1281,24,0.060421806,0.048218887,1.2530735,0.2
temb1280,24,0.052875824,0.04150363,1.2740048,0.2
temb1277,24,0.05476719,0.04534793,1.207711,0.5
temb1279,10,0.033228856,0.025281012,1.3143799,0.2
tena1240,1,0.04637274,0.04627087,1.0022017,0.9
tenh1241,24,0.050309826,0.050309844,0.99999964,1.0
diah1239,24,0.04321344,0.029667359,1.4565988,0.0
pari1258,24,0.04562635,0.036042206,1.2659144,0.2
nucl1663,2,0.03185278,0.028814668,1.1054363,0.3
tere1279,0,0.045849413,0.042478018,1.079368,0.5
chan1322][caj,0,0.03683137,0.029146183,1.2636774,0.1
guan1270][gqn,0,0.033943385,0.029434968,1.1531653,0.1
tere1281,0,0.035541397,0.030548697,1.1634341,0.1
teus1236,4,0.15708518,0.13050598,1.2036628,0.5
teus1238,4,0.040735774,0.033269834,1.2244056,0.4
teus1237,4,0.044817228,0.035068948,1.2779747,0.5
ticu1245,10,0.12681822,0.11509261,1.1018798,0.3
timo1237,23,0.16329055,0.13555136,1.2046397,0.1
cuic1235,23,0.027804906,0.027202558,1.022143,0.8
migu1234,23,0.029311782,0.027608145,1.0617077,0.5
mirr1241,23,0.03250391,0.027479893,1.1828252,0.3
mucu1234,23,0.0259764,0.024973547,1.0401566,0.6
timo1263,10,0.046828717,0.039765466,1.1776228,0.3
tini1245,22,0.15167859,0.11900741,1.2745306,0.2
pami1248,22,0.026468951,0.024218071,1.0929421,0.3
tini1247,18,0.05443878,0.039476864,1.3790047,0.2
tive1236,20,0.126242,0.1209211,1.044003,0.6
toba1268,6,0.13830753,0.12521344,1.1045741,0.4
toba1269,21,0.1722527,0.13654578,1.2615014,0.1
nort2983,21,0.04121233,0.0373864,1.1023349,0.6
sout2995,21,0.041196603,0.040816057,1.0093235,0.9
toba1282,15,0.1539295,0.1404929,1.095639,0.5
toca1235,24,0.061597772,0.061597805,0.99999946,1.0
tora1263,12,0.13405687,0.13122302,1.0215956,0.5
toro1255,8,0.1430454,0.1371437,1.0430329,0.4
toto1306,5,0.07940327,0.05404786,1.4691287,0.6
trin1274,15,0.10801222,0.09641687,1.1202627,0.4
javi1240,15,0.042883247,0.0351938,1.2184887,0.2
lore1245,15,0.04439347,0.031988233,1.3878062,0.2
trin1278,15,0.04556778,0.03769781,1.2087647,0.1
trin1276,15,0.15435481,0.13606675,1.134405,0.6
trin1277,17,0.14306808,0.14103065,1.0144466,0.9
trio1238,24,0.17010109,0.14196816,1.1981636,0.2
pian1242,24,0.047894668,0.039376725,1.2163192,0.3
trum1247,22,0.15357283,0.12708665,1.2084104,0.1
tuca1252,8,0.10541835,0.10025573,1.0514945,0.8
waso1238,22,0.035723083,0.03228265,1.1065722,0.3
yoho1239,2,0.033278562,0.03255571,1.0222036,0.8
tupa1250,14,0.16884616,0.10664864,1.5832003,0.1
tupi1273,0,0.10587101,0.052294828,2.0245025,0.0
amoi1234,0,0.032058846,0.027313298,1.173745,0.2
kaet1234,2,0.03557227,0.029950524,1.1877011,0.3
tupi1274][tpw,0,0.0624538,0.055339187,1.1285638,0.2
poti1237][pog,22,0.031384133,0.029828597,1.0521492,0.5
taba1271,0,0.040586967,0.03532351,1.1490071,0.3
temi1248,22,0.032833926,0.0290173,1.1315293,0.3
tupi1292,0,0.026735377,0.02350372,1.1374955,0.4
tupi1291,0,0.06127127,0.056793906,1.0788352,0.5
tupi1289,0,0.05168457,0.04798444,1.077111,0.3
tupi1288,0,0.047622144,0.046439033,1.0254767,0.7
tupi1290,0,0.07545914,0.06941852,1.0870174,0.5
tupi1272][tpk,0,0.030121725,0.025548536,1.179,0.3
turi1247,12,0.09492822,0.09426488,1.0070369,0.9
tuxa1239,25,0.14989574,0.12696984,1.1805618,0.2
tuxi1238,11,0.114681445,0.09958921,1.1515449,0.2
tuyu1244,10,0.12576994,0.114951946,1.0941088,0.5
tsol1243,10,0.0324078,0.027309453,1.1866881,0.3
uain1239,20,0.114524886,0.10615146,1.0788819,0.6
mari1451,20,0.15846738,0.032130014,4.932067,0.0
wain1249,22,0.0252626,0.02255096,1.120245,0.3
ucay1237,18,0.063923255,0.062906094,1.0161695,0.9
uiri1238,20,0.11983,0.113391265,1.0567833,0.5
umot1240,6,0.13357648,0.10148702,1.3161927,0.2
urar1246,10,0.12649603,0.12037168,1.0508788,0.4
urub1243,17,0.15562025,0.14750893,1.0549886,0.7
urub1250,12,0.13353173,0.122906744,1.0864476,0.3
urue1240,24,0.038142364,0.038142364,1.0,1.0
urug1238,17,0.10785204,0.10785203,1.0000001,1.0
urum1250,12,0.0956823,0.09065862,1.0554131,0.6
urup1245,0,0.03418029,0.030114412,1.1350144,0.5
uruu1244,16,0.13419609,0.12525,1.0714259,0.4
tsim1260,2,0.039832763,0.036107935,1.1031581,0.4
urui1234,16,0.1268671,0.028120905,4.511487,0.1
urum1251,16,0.12843534,0.029650277,4.3316746,0.1
vene1237,17,0.12107794,0.121077955,0.9999999,1.0
vile1241,6,0.15444389,0.14566989,1.060232,0.2
waim1253,2,0.15376297,0.11970999,1.2844622,0.0
atru1239,2,0.026253719,0.022099644,1.1879702,0.2
jawa1240,2,0.028732479,0.028253961,1.0169363,0.6
waim1254,2,0.025402343,0.02270497,1.118801,0.4
waim1255,8,0.11621048,0.11164671,1.0408769,0.5
pamo1254,22,0.033622872,0.030971462,1.0856081,0.5
poka1242][pok,0,0.039654404,0.03356852,1.1812973,0.2
east2560,21,0.031158889,0.030477231,1.0223662,0.9
west3014,21,0.03132581,0.030064607,1.0419497,0.9
waiw1244,10,0.15198305,0.11620108,1.3079315,0.1
kata1269,10,0.037033968,0.028789181,1.2863849,0.2
tuna1234,10,0.03331566,0.026974494,1.23508,0.3
wany1246,12,0.14667806,0.13856368,1.0585607,0.3
waor1240,20,0.14208558,0.12217027,1.1630127,0.3
wapi1253,0,0.1729569,0.12891449,1.3416405,0.0
amar1241,0,0.02749961,0.024321467,1.1306723,0.3
ator1243,0,0.027633334,0.022995006,1.2017102,0.3
wara1303,19,0.14115816,0.12692504,1.112138,0.2
guya1255,19,0.042860366,0.038422495,1.1155019,0.3
vene1264,19,0.04915033,0.04428355,1.1099004,0.3
ware1255,19,0.055156063,0.052779127,1.0450355,0.5
ware1259,19,0.058980048,0.058602363,1.0064449,0.9
ware1258,19,0.049810506,0.049160272,1.0132269,0.8
wari1268,20,0.14718905,0.12275336,1.1990633,0.1
waur1244,19,0.120713755,0.111443184,1.0831865,0.4
waya1269,25,0.13412884,0.11854935,1.1314178,0.1
rucu1237,25,0.035675794,0.028548336,1.2496629,0.1
uruc1241,25,0.035411976,0.028632063,1.2367945,0.2
waya1270,2,0.16162041,0.114197254,1.415274,0.0
oiya1239,2,0.038825415,0.036464263,1.0647525,0.3
waja1261,2,0.02854976,0.027252357,1.0476071,0.5
wayo1238,22,0.1401792,0.10814562,1.2962079,0.2
kupn1234,22,0.027270328,0.025638843,1.0636333,0.5
ngwa1252,22,0.026028324,0.024151355,1.077717,0.2
wayu1242,2,0.027874004,0.025231266,1.1047406,0.5
wayu1243,19,0.13038608,0.12002089,1.0863616,0.3
west2640,22,0.12900491,0.11556263,1.1163203,0.6
west2651,5,0.07265539,0.048468083,1.4990357,0.6
wich1262,15,0.15954413,0.14192063,1.1241785,0.2
wich1263,15,0.16852279,0.13598596,1.2392662,0.2
berm1242,15,0.057246573,0.04536111,1.2620188,0.1
wich1264,15,0.17478779,0.13856533,1.2614107,0.2
wira1264,24,0.036610283,0.036610294,0.9999997,1.0
woun1238,8,0.13626765,0.1284701,1.0606955,0.4
xakr1238,6,0.13221714,0.11459605,1.153767,0.3
xava1240,6,0.13640799,0.12210479,1.1171387,0.5
xere1240,6,0.12574175,0.11448793,1.098297,0.4
xeta1241,6,0.12311478,0.109349295,1.1258855,0.4
xing1248,12,0.113328815,0.11099774,1.0210011,0.6
xipa1240,12,0.13142575,0.12531605,1.0487543,0.5
xiri1243,25,0.15759261,0.12381573,1.2727996,0.2
xokl1240,21,0.15955412,0.12290378,1.2982036,0.3
xuku1239,25,0.14003906,0.11589017,1.2083774,0.1
para1322,25,0.044085078,0.036005445,1.2244003,0.3
xucu1234,25,0.033777308,0.03034854,1.1129797,0.4
yaba1248,24,0.07934508,0.07107801,1.1163098,0.2
cura1242,24,0.04840526,0.029933184,1.6171103,0.0
woki1237,24,0.041870892,0.023385858,1.7904364,0.0
yaba1249,10,0.13487014,0.114743516,1.1754054,0.2
yagu1244,16,0.14906363,0.13789168,1.0810198,0.3
yahu1241,10,0.11413978,0.098232195,1.1619387,0.4
datu1239,10,0.030480325,0.025280874,1.2056674,0.1
opai1241,10,0.03409459,0.029045891,1.173818,0.3
yama1264,21,0.17868873,0.14048095,1.2719784,0.0
cent2363,21,0.032143958,0.030441035,1.0559417,0.8
east2853,21,0.028947663,0.028530568,1.0146192,0.8
west2943,21,0.028222417,0.028222417,1.0,1.0
hatu1248,11,0.035317443,0.03109839,1.1356679,0.4
ufya1234,22,0.027794277,0.025782228,1.0780402,0.4
sout3330,21,0.03072226,0.030722266,0.9999998,1.0
woll1235,21,0.051050723,0.045965277,1.1106367,0.5
woll1234,21,0.0481506,0.04661848,1.032865,0.7
yame1242,6,0.13676822,0.1192552,1.1468533,0.4
yami1256,11,0.114317454,0.10572289,1.0812933,0.5
chit1284,11,0.023834353,0.022503579,1.0591362,0.6
nucl1666,4,0.039360337,0.035935987,1.0952903,0.7
sayn1234,11,0.03004672,0.026226085,1.1456808,0.4
xina1240,2,0.03493903,0.032472543,1.075956,0.5
yana1272,1,0.03633178,0.036331784,0.9999999,1.0
carr1251,1,0.03815695,0.036049508,1.0584596,0.7
sant1433][qxt,1,0.057700664,0.05370397,1.0744208,0.4
yane1238,11,0.15183485,0.13860124,1.0954797,0.4
yano1261,19,0.1353983,0.11727909,1.1544966,0.3
coba1238,19,0.04411598,0.037568826,1.1742709,0.4
yano1265,19,0.050098367,0.040189702,1.2465473,0.2
west2639,19,0.059535652,0.051363505,1.1591041,0.2
yano1262,19,0.118976176,0.102828406,1.1570361,0.4
yano1263,19,0.04827226,0.029461365,1.6384937,0.2
east2554,19,0.046916403,0.042405523,1.1063749,0.5
yano1264,19,0.04664901,0.04097823,1.1383852,0.5
yana1273,19,0.05185617,0.030422587,1.7045287,0.1
yano1269,11,0.14375745,0.107564114,1.3364815,0.1
yaoa1239,20,0.15000029,0.13958189,1.07464,0.3
yaro1235,19,0.12857154,0.1073307,1.1979009,0.3
mohi1234,22,0.030616302,0.02874828,1.0649786,0.1
nano1240,19,0.048123192,0.046547443,1.0338526,0.6
jaua1242,19,0.042384524,0.040604938,1.0438268,0.6
yaru1255,12,0.12254485,0.10855856,1.1288364,0.2
yaru1257,2,0.032176323,0.030449027,1.0567274,0.5
yauy1235,26,0.12922242,0.10252552,1.2603928,0.4
huan1250,26,0.043854766,0.04005593,1.0948383,0.5
lara1261,15,0.042678244,0.031992294,1.3340164,0.3
apur1253,2,0.025550693,0.022174602,1.1522503,0.3
made1254,26,0.043428373,0.039325934,1.1043189,0.4
apur1255,26,0.04446618,0.041693408,1.0665038,0.6
azan1238,26,0.05071027,0.04974373,1.0194304,0.9
cacr1238,26,0.046255834,0.04104639,1.126916,0.4
sanp1258,26,0.055393457,0.049242385,1.1249142,0.2
tana1291,0,0.033213563,0.031723518,1.0469698,0.4
sout3375,21,0.043882918,0.043699652,1.0041938,0.9
tomn1238,0,0.05055211,0.04906715,1.0302638,0.6
yavi1244,2,0.15665957,0.12096951,1.2950336,0.1
pare1276,2,0.034971286,0.028518159,1.2262813,0.0
yavi1245,2,0.028612947,0.027050817,1.057748,0.5
yawa1260,24,0.042744517,0.04274451,1.0000001,1.0
yawa1261,19,0.13047385,0.11348401,1.1497114,0.3
yine1238,18,0.15252551,0.13295871,1.1471645,0.2
madr1239,18,0.063590005,0.050148558,1.2680326,0.2
urub1251,22,0.038101155,0.034416534,1.1070596,0.2
yora1241,11,0.1190498,0.11110095,1.0715462,0.6
yucu1253,10,0.116938576,0.112843595,1.036289,0.6
guar1294,14,0.027161002,0.023363436,1.1625432,0.3
yuku1245,19,0.04722339,0.044251908,1.0671493,0.5
yuhu1238,24,0.08787049,0.08787049,1.0,1.0
yukp1241,0,0.17442785,0.1268978,1.3745538,0.0
cano1239,0,0.054501187,0.050317544,1.0831448,0.2
rion1245,0,0.05020206,0.0446662,1.1239384,0.3
rioc1237,0,0.047655515,0.042066813,1.132853,0.4
riom1237,0,0.051258713,0.044421375,1.15392,0.3
yrap1237,2,0.024964433,0.023374254,1.0680312,0.5
yuqu1240,12,0.14125422,0.12674935,1.1144373,0.2
yura1255,10,0.14532183,0.12713274,1.1430717,0.1
mans1263,22,0.026689375,0.02581122,1.0340222,0.7
solo1241,10,0.03311137,0.027367527,1.2098781,0.2
yuru1243,10,0.1402048,0.13179104,1.0638417,0.5
yuru1263,10,0.12949288,0.11829798,1.0946331,0.3
yuwa1244,25,0.15996091,0.14798066,1.0809582,0.4
zamu1245,23,0.035967648,0.03344801,1.07533,0.3
zapa1253,2,0.14930758,0.1282148,1.1645112,0.4
zoee1240,22,0.15199484,0.13540244,1.1225413,0.2
